-0.040453920220082554,-0.041100412654745566,-0.10447042640990367,0.03711141678129304,0.03930674002751036,0.017257221458046867,-0.2002448418156808,-0.1977276478679505,-0.03726547455295731,184222.7447042641,0.0010074138641371633
-0.040453920220082554,-0.031100412654745557,-0.11447042640990368,0.03711141678129304,0.029306740027510353,0.017257221458046867,-0.1902448418156809,-0.1877276478679505,-0.03726547455295731,183177.7447042641,0.006170845031739702
-0.06045392022008255,-0.06110041265474556,-0.1344704264099037,0.02711141678129303,0.019306740027510344,0.037257221458046885,-0.1902448418156809,-0.1877276478679505,-0.04726547455295732,180136.7447042641,0.009585237503053179
-0.07045392022008255,-0.07110041265474557,-0.21447042640990366,0.02711141678129303,0.019306740027510344,0.047257221458046894,-0.24024484181568084,-0.23772764786795053,-0.05726547455295733,175405.7447042641,0.010641908645631304
-0.08045392022008255,-0.08110041265474556,-0.3844704264099037,0.02711141678129303,0.019306740027510344,0.0572572214580469,-0.30024484181568084,-0.2777276478679505,-0.06726547455295734,172902.7447042641,0.013631439208985796
-0.09045392022008256,-0.09110041265474557,-0.4944704264099037,0.04711141678129302,0.03930674002751036,0.0672572214580468,-0.3402448418156809,-0.29772764786795053,-0.0872654745529573,171137.7447042641,0.017230606079102984
-0.10045392022008255,-0.10110041265474556,-0.5844704264099037,0.04711141678129302,0.029306740027510353,0.0672572214580468,-0.32024484181568086,-0.30772764786795054,-0.0872654745529573,170048.7447042641,0.022263145446778765
-0.10045392022008255,-0.10110041265474556,-0.6044704264099037,0.05711141678129303,0.05930674002751035,0.0572572214580469,-0.30024484181568084,-0.2877276478679505,-0.10726547455295732,168275.7447042641,0.02556309700012349
-0.10045392022008255,-0.10110041265474556,-0.6344704264099037,0.05711141678129303,0.04930674002751034,0.0672572214580468,-0.2902448418156809,-0.26772764786795056,-0.09726547455295731,169622.7447042641,0.02629218101501607
-0.10045392022008255,-0.10110041265474556,-0.6344704264099037,0.06711141678129304,0.04930674002751034,0.0572572214580469,-0.30024484181568084,-0.2777276478679505,-0.09726547455295731,174319.7447042641,0.030271387100221148
-0.10045392022008255,-0.10110041265474556,-0.6744704264099037,0.05711141678129303,0.05930674002751035,0.0572572214580469,-0.32024484181568086,-0.2877276478679505,-0.10726547455295732,180220.7447042641,0.03493676185608052
-0.10045392022008255,-0.10110041265474556,-0.7144704264099038,0.06711141678129304,0.05930674002751035,0.047257221458046894,-0.3402448418156809,-0.31772764786795055,-0.11726547455295733,187667.7447042641,0.03790674209594869
-0.10045392022008255,-0.10110041265474556,-0.6944704264099038,0.06711141678129304,0.03930674002751036,0.047257221458046894,-0.3402448418156809,-0.32772764786795056,-0.13726547455295732,192816.7447042641,0.03896770477295064
-0.10045392022008255,-0.10110041265474556,-0.7044704264099038,0.05711141678129303,0.04930674002751034,0.037257221458046885,-0.3502448418156809,-0.3377276478679505,-0.13726547455295732,191387.7447042641,0.04183158874511861
-0.10045392022008255,-0.10110041265474556,-0.7144704264099038,0.04711141678129302,0.04930674002751034,0.0672572214580468,-0.44024484181568085,-0.42772764786795053,-0.17726547455295733,183942.7447042641,0.04744372367859029
-0.10045392022008255,-0.10110041265474556,-0.7244704264099037,0.06711141678129304,0.05930674002751035,0.037257221458046885,-0.49024484181568084,-0.4577276478679505,-0.1872654745529573,173337.7447042641,0.05016574859619283
-0.10045392022008255,-0.10110041265474556,-0.7144704264099038,0.06711141678129304,0.05930674002751035,0.007257221458046859,-0.45024484181568086,-0.43772764786795054,-0.17726547455295733,163990.7447042641,0.051219797134400835
-0.10045392022008255,-0.10110041265474556,-0.7444704264099037,0.06711141678129304,0.06930674002751036,0.027257221458046876,-0.45024484181568086,-0.42772764786795053,-0.2172654745529573,160241.7447042641,0.05421242713928365
-0.10045392022008255,-0.10110041265474556,-0.7244704264099037,0.09711141678129301,0.08930674002751038,-0.05274277854195314,-0.45024484181568086,-0.44772764786795055,-0.20726547455295732,160510.7447042641,0.05923900604248189
-0.10045392022008255,-0.10110041265474556,-0.7544704264099037,0.09711141678129301,0.09930674002751033,-0.05274277854195314,-0.43024484181568085,-0.42772764786795053,-0.2172654745529573,160969.7447042641,0.06320438385009908
-0.10045392022008255,-0.10110041265474556,-0.7444704264099037,0.11711141678129303,0.11930674002751035,-0.08274277854195317,-0.4702448418156809,-0.4677276478679505,-0.19726547455295732,159674.7447042641,0.06320438385009908
-0.10045392022008255,-0.10110041265474556,-0.7544704264099037,0.12711141678129304,0.11930674002751035,-0.08274277854195317,-0.45024484181568086,-0.42772764786795053,-0.19726547455295732,158073.7447042641,0.0664576053619399
-0.10045392022008255,-0.10110041265474556,-0.7144704264099038,0.13711141678129304,0.13930674002751037,-0.09274277854195317,-0.42024484181568084,-0.4077276478679505,-0.19726547455295732,154858.7447042641,0.07138476371765279
-0.10045392022008255,-0.10110041265474556,-0.7344704264099037,0.13711141678129304,0.13930674002751037,-0.09274277854195317,-0.43024484181568085,-0.3977276478679505,-0.1872654745529573,151975.7447042641,0.07563409805297994
-0.10045392022008255,-0.10110041265474556,-0.7244704264099037,0.13711141678129304,0.13930674002751037,-0.08274277854195317,-0.4002448418156809,-0.38772764786795055,-0.1872654745529573,149026.7447042641,0.07563409805297994
-0.10045392022008255,-0.10110041265474556,-0.7444704264099037,0.13711141678129304,0.13930674002751037,-0.06274277854195315,-0.3502448418156809,-0.3377276478679505,-0.1872654745529573,143801.7447042641,0.07861719131469869
-0.10045392022008255,-0.10110041265474556,-0.7544704264099037,0.14711141678129305,0.14930674002751038,-0.08274277854195317,-0.37024484181568085,-0.3477276478679505,-0.19726547455295732,137792.7447042641,0.08363399505615376
-0.10045392022008255,-0.10110041265474556,-0.7744704264099037,0.16711141678129302,0.16930674002751034,-0.07274277854195316,-0.38024484181568086,-0.38772764786795055,-0.20726547455295732,133531.7447042641,0.0876377582550063
-0.09045392022008256,-0.08110041265474556,-0.7544704264099037,0.16711141678129302,0.17930674002751035,-0.07274277854195316,-0.36024484181568084,-0.3377276478679505,-0.22726547455295731,131032.7447042641,0.09132752418518209
0.06954607977991746,0.05889958734525444,-0.7444704264099037,0.157111416781293,0.15930674002751033,-0.08274277854195317,-0.32024484181568086,-0.31772764786795055,-0.23726547455295732,129359.7447042641,0.09230980873108052
0.31954607977991745,0.33889958734525444,-0.6844704264099037,0.13711141678129304,0.13930674002751037,-0.09274277854195317,-0.30024484181568084,-0.30772764786795054,-0.26726547455295735,127174.7447042641,0.09591851234436177
1.0295460797799174,1.0388995873452544,-0.3244704264099037,0.07711141678129305,0.06930674002751036,-0.12274277854195315,-0.2802448418156809,-0.26772764786795056,-0.26726547455295735,124091.7447042641,0.09912357330322408
1.3395460797799175,1.3288995873452545,-0.22447042640990367,0.05711141678129303,0.06930674002751036,-0.15274277854195317,-0.37024484181568085,-0.36772764786795054,-0.2872654745529573,120558.7447042641,0.10342488288879537
1.5595460797799174,1.5388995873452544,-0.20447042640990376,0.04711141678129302,0.03930674002751036,-0.11274277854195314,-0.42024484181568084,-0.3977276478679505,-0.26726547455295735,120931.7447042641,0.10415754318237447
1.7395460797799176,1.7188995873452546,-0.07447042640990376,0.01711141678129302,0.019306740027510344,-0.13274277854195315,-0.4102448418156809,-0.4077276478679505,-0.24726547455295733,124860.7447042641,0.10835132598877095
1.8995460797799175,1.8788995873452543,0.04552957359009624,0.0071114167812930396,0.019306740027510344,-0.15274277854195317,-0.4102448418156809,-0.4177276478679505,-0.2972654745529573,131089.7447042641,0.11232457160949849
1.9795460797799176,1.9688995873452542,0.13552957359009632,0.0071114167812930396,0.009306740027510363,-0.15274277854195317,-0.4102448418156809,-0.4177276478679505,-0.2872654745529573,139676.7447042641,0.11632261276245259
2.0195460797799174,2.008899587345254,0.14552957359009633,0.01711141678129302,0.019306740027510344,-0.15274277854195317,-0.46024484181568087,-0.43772764786795054,-0.2772654745529573,148293.7447042641,0.11632261276245259
1.9195460797799175,1.9288995873452541,0.09552957359009628,0.02711141678129303,0.03930674002751036,-0.17274277854195313,-0.5102448418156809,-0.5077276478679505,-0.2772654745529573,157140.7447042641,0.12023363113403462
1.8795460797799175,1.8888995873452545,0.2255295735900963,0.03711141678129304,0.04930674002751034,-0.18274277854195314,-0.48024484181568083,-0.4777276478679505,-0.2972654745529573,168419.7447042641,0.1252501964569106
1.8895460797799175,1.8988995873452543,0.44552957359009626,0.05711141678129303,0.06930674002751036,-0.18274277854195314,-0.5202448418156809,-0.5277276478679506,-0.30726547455295733,180530.7447042641,0.12824878692627095
1.8795460797799175,1.8588995873452543,0.5255295735900963,0.07711141678129305,0.08930674002751038,-0.15274277854195317,-0.5302448418156809,-0.5077276478679505,-0.25726547455295734,186641.7447042641,0.12824878692627095
1.5595460797799174,1.5688995873452543,0.28552957359009634,0.18711141678129303,0.19930674002751037,-0.10274277854195313,-0.5302448418156809,-0.5177276478679506,-0.19726547455295732,182064.7447042641,0.13253626823425435
1.4695460797799176,1.4788995873452544,0.3955295735900962,0.267111416781293,0.2793067400275103,-0.04274277854195313,-0.5302448418156809,-0.5077276478679505,-0.1872654745529573,177021.7447042641,0.13687214851379537
1.4095460797799175,1.4288995873452546,0.4755295735900963,0.377111416781293,0.3893067400275103,-0.0027427785419531503,-0.49024484181568084,-0.4677276478679505,-0.1572654745529573,174642.7447042641,0.1411486625671401
1.3095460797799174,1.3188995873452543,0.5255295735900963,0.4771114167812931,0.4893067400275104,0.027257221458046876,-0.49024484181568084,-0.4777276478679505,-0.14726547455295733,174979.7447042641,0.1411486625671401
1.0895460797799175,1.0988995873452545,0.43552957359009625,0.5971114167812931,0.6293067400275103,0.11725722145804685,-0.48024484181568083,-0.4577276478679505,-0.13726547455295732,172190.7447042641,0.1451474189758315
0.8695460797799174,0.8888995873452544,0.4655295735900963,0.8171114167812931,0.7993067400275103,0.13725722145804686,-0.44024484181568085,-0.42772764786795053,-0.1272654745529573,169177.7447042641,0.14914760589599751
0.6595460797799174,0.6688995873452545,0.3555295735900962,1.027111416781293,1.0293067400275104,0.20725722145804681,-0.43024484181568085,-0.4077276478679505,-0.1272654745529573,164260.7447042641,0.15314731597900533
0.4595460797799175,0.4988995873452544,0.2555295735900963,1.147111416781293,1.1693067400275106,0.24725722145804685,-0.4002448418156809,-0.3977276478679505,-0.1272654745529573,161191.7447042641,0.1568037033081069
0.36954607977991744,0.3688995873452544,-0.004470426409903694,1.2071114167812929,1.2093067400275102,0.2772572214580469,-0.37024484181568085,-0.3477276478679505,-0.11726547455295733,157588.7447042641,0.1568037033081069
0.22954607977991748,0.23889958734525446,-0.18447042640990374,1.1971114167812928,1.2293067400275102,0.21725722145804682,-0.3402448418156809,-0.3377276478679505,-0.11726547455295733,153911.7447042641,0.16087374687194966
0.16954607977991748,0.16889958734525445,-0.2744704264099037,1.2171114167812929,1.2193067400275104,0.21725722145804682,-0.30024484181568084,-0.29772764786795053,-0.10726547455295732,155188.7447042641,0.1652601718902602
0.06954607977991746,0.06889958734525445,-0.36447042640990374,1.2071114167812929,1.2093067400275102,0.1672572214580469,-0.2902448418156809,-0.2777276478679505,-0.11726547455295733,160443.7447042641,0.16863474845886373
-0.00045392022008254596,-0.011100412654745567,-0.4544704264099037,1.157111416781293,1.1593067400275103,0.1672572214580469,-0.2802448418156809,-0.26772764786795056,-0.11726547455295733,164972.7447042641,0.1696222782135024
-0.05045392022008255,-0.06110041265474556,-0.5144704264099037,1.087111416781293,1.0993067400275103,0.20725722145804681,-0.25024484181568085,-0.23772764786795053,-0.11726547455295733,170409.7447042641,0.17315444946289205
-0.09045392022008256,-0.09110041265474557,-0.5544704264099037,1.107111416781293,1.0993067400275103,0.20725722145804681,-0.21024484181568082,-0.2077276478679505,-0.13726547455295732,176640.7447042641,0.17822513580322408
-0.10045392022008255,-0.09110041265474557,-0.5044704264099037,1.057111416781293,1.0593067400275102,0.14725722145804687,-0.16024484181568088,-0.15772764786795057,-0.1272654745529573,179529.7447042641,0.18142685890197896
-0.09045392022008256,-0.09110041265474557,-0.5044704264099037,1.027111416781293,1.0193067400275102,0.09725722145804683,-0.060244841815680905,-0.037727647867950576,-0.14726547455295733,178056.7447042641,0.1822255611419692
-0.09045392022008256,-0.09110041265474557,-0.4644704264099037,1.007111416781293,0.9893067400275103,0.0572572214580469,0.019755158184319166,0.022272352132049478,-0.1572654745529573,170185.7447042641,0.18619666099548482
-0.09045392022008256,-0.09110041265474557,-0.4644704264099037,0.937111416781293,0.9393067400275102,0.037257221458046885,0.029755158184319175,0.03227235213204949,-0.17726547455295733,160824.7447042641,0.19052276611328267
-0.09045392022008256,-0.08110041265474556,-0.4944704264099037,0.9171114167812932,0.9193067400275104,0.017257221458046867,-0.01024484181568086,-0.007727647867950549,-0.17726547455295733,154819.7447042641,0.1945100784301772
-0.08045392022008255,-0.08110041265474556,-0.5044704264099037,0.977111416781293,0.9793067400275103,-0.0027427785419531503,0.029755158184319175,0.03227235213204949,-0.17726547455295733,152774.7447042641,0.1945100784301772
-0.08045392022008255,-0.07110041265474557,-0.4944704264099037,0.8971114167812931,0.9193067400275104,-0.04274277854195313,0.04975515818431919,0.042272352132049495,-0.20726547455295732,151057.7447042641,0.19773898124694966
-0.07045392022008255,-0.07110041265474557,-0.5044704264099037,0.8571114167812931,0.8193067400275104,-0.06274277854195315,-0.08024484181568081,-0.06772764786795049,-0.20726547455295732,148008.7447042641,0.20199475288391255
-0.07045392022008255,-0.07110041265474557,-0.5644704264099037,0.797111416781293,0.7693067400275103,-0.05274277854195314,-0.12024484181568085,-0.08772764786795051,-0.20726547455295732,146801.7447042641,0.2053588390350356
-0.08045392022008255,-0.08110041265474556,-0.6344704264099037,0.5971114167812931,0.5593067400275104,-0.11274277854195314,-0.10024484181568083,-0.13772764786795055,-0.20726547455295732,145922.7447042641,0.20654139518737935
-0.09045392022008256,-0.09110041265474557,-0.6544704264099037,0.507111416781293,0.4893067400275104,-0.11274277854195314,-0.26024484181568086,-0.24772764786795054,-0.19726547455295732,144907.7447042641,0.20964322090149068
-0.10045392022008255,-0.10110041265474556,-0.7144704264099038,0.267111416781293,0.25930674002751036,-0.08274277854195317,-0.2802448418156809,-0.26772764786795056,-0.17726547455295733,143220.7447042641,0.21352705955505513
-0.10045392022008255,-0.10110041265474556,-0.7244704264099037,0.18711141678129303,0.18930674002751036,-0.08274277854195317,-0.26024484181568086,-0.24772764786795054,-0.19726547455295732,138987.7447042641,0.21853981018066548
-0.10045392022008255,-0.10110041265474556,-0.7444704264099037,0.17711141678129302,0.17930674002751035,-0.06274277854195315,-0.21024484181568082,-0.1877276478679505,-0.17726547455295733,132240.7447042641,0.21955165863037251
-0.10045392022008255,-0.10110041265474556,-0.7744704264099037,0.18711141678129303,0.17930674002751035,-0.05274277854195314,-0.23024484181568083,-0.2077276478679505,-0.17726547455295733,126267.7447042641,0.22260723114013814
-0.10045392022008255,-0.10110041265474556,-0.7644704264099037,0.17711141678129302,0.17930674002751035,-0.06274277854195315,-0.22024484181568083,-0.1977276478679505,-0.17726547455295733,121868.7447042641,0.22661123275756978
0.019546079779917444,0.03889958734525445,-0.7444704264099037,0.157111416781293,0.15930674002751033,-0.06274277854195315,-0.1802448418156809,-0.1877276478679505,-0.20726547455295732,119259.7447042641,0.2306109428405776
0.2995460797799175,0.29889958734525446,-0.6744704264099037,0.14711141678129305,0.13930674002751037,-0.12274277854195315,-0.1702448418156809,-0.15772764786795057,-0.24726547455295733,118010.7447042641,0.23361024856567525
1.0095460797799176,1.0188995873452544,-0.2844704264099037,0.08711141678129306,0.08930674002751038,-0.17274277854195313,-0.26024484181568086,-0.25772764786795055,-0.2972654745529573,115957.7447042641,0.2346108913421645
1.5195460797799176,1.5188995873452544,-0.07447042640990376,0.02711141678129303,0.03930674002751036,-0.15274277854195317,-0.27024484181568087,-0.25772764786795055,-0.2772654745529573,112902.7447042641,0.23841676712036275
1.7995460797799174,1.7988995873452542,-0.02447042640990371,0.0071114167812930396,0.009306740027510363,-0.16274277854195313,-0.37024484181568085,-0.37772764786795054,-0.26726547455295735,110357.7447042641,0.24282226562500142
1.9795460797799176,1.9888995873452542,0.17552957359009624,0.0071114167812930396,-0.000693259972489646,-0.17274277854195313,-0.42024484181568084,-0.42772764786795053,-0.26726547455295735,110982.7447042641,0.2468315124511733
2.1695460797799173,2.178899587345254,0.3755295735900962,-0.012888583218706978,-0.000693259972489646,-0.18274277854195314,-0.42024484181568084,-0.4177276478679505,-0.2872654745529573,114023.7447042641,0.2468315124511733
2.2695460797799174,2.2688995873452544,0.4855295735900963,-0.012888583218706978,-0.010693259972489655,-0.17274277854195313,-0.42024484181568084,-0.42772764786795053,-0.2972654745529573,120792.7447042641,0.2514725685119643
2.3195460797799172,2.3188995873452543,0.5455295735900964,0.0071114167812930396,0.009306740027510363,-0.18274277854195314,-0.44024484181568085,-0.44772764786795055,-0.2972654745529573,128405.7447042641,0.255624628067018
2.3295460797799175,2.3388995873452543,0.6455295735900962,0.0071114167812930396,0.019306740027510344,-0.20274277854195316,-0.4702448418156809,-0.4777276478679505,-0.2972654745529573,133608.7447042641,0.2584770679473891
2.179546079779917,2.198899587345254,0.6355295735900962,0.02711141678129303,0.019306740027510344,-0.21274277854195317,-0.5202448418156809,-0.5177276478679506,-0.31726547455295734,138379.7447042641,0.25947294235229634
2.1495460797799173,2.1688995873452543,0.6855295735900963,0.05711141678129303,0.05930674002751035,-0.19274277854195315,-0.5102448418156809,-0.49772764786795054,-0.3272654745529573,147858.7447042641,0.26344118118286275
2.1495460797799173,2.158899587345254,0.7655295735900963,0.06711141678129304,0.09930674002751033,-0.20274277854195316,-0.5202448418156809,-0.5277276478679506,-0.31726547455295734,160501.7447042641,0.2676008701324477
1.9795460797799176,1.9888995873452542,0.7655295735900963,0.12711141678129304,0.13930674002751037,-0.20274277854195316,-0.5302448418156809,-0.5177276478679506,-0.2972654745529573,167070.7447042641,0.2713540554046645
1.5995460797799175,1.6288995873452543,0.5255295735900963,0.23711141678129302,0.23930674002751035,-0.09274277854195317,-0.5202448418156809,-0.5177276478679506,-0.2172654745529573,164549.7447042641,0.2721138954162612
1.4595460797799176,1.4788995873452544,0.6655295735900962,0.387111416781293,0.41930674002751034,-0.03274277854195318,-0.5102448418156809,-0.49772764786795054,-0.1872654745529573,161280.7447042641,0.276113605499269
1.3095460797799174,1.2888995873452544,0.6255295735900962,0.5771114167812931,0.5893067400275104,0.047257221458046894,-0.48024484181568083,-0.4577276478679505,-0.16726547455295732,158201.7447042641,0.28039250373840474
1.0995460797799175,1.1088995873452543,0.5355295735900963,0.7371114167812931,0.7493067400275103,0.0672572214580468,-0.4702448418156809,-0.4677276478679505,-0.1572654745529573,154418.7447042641,0.28346238136291646
0.9995460797799175,1.0188995873452544,0.6055295735900962,0.8771114167812931,0.9093067400275104,0.1672572214580469,-0.48024484181568083,-0.4577276478679505,-0.1572654745529573,148503.7447042641,0.2845207214355483
0.8195460797799174,0.8288995873452545,0.5555295735900964,1.007111416781293,1.0293067400275104,0.1772572214580469,-0.4702448418156809,-0.44772764786795055,-0.1572654745529573,144174.7447042641,0.28794369697570943
0.6895460797799174,0.7088995873452545,0.4855295735900963,1.277111416781293,1.2693067400275102,0.2772572214580469,-0.45024484181568086,-0.42772764786795053,-0.16726547455295732,139137.7447042641,0.2923053264617934
0.5395460797799174,0.5388995873452544,0.29552957359009635,1.387111416781293,1.3993067400275105,0.3372572214580468,-0.42024484181568084,-0.4077276478679505,-0.14726547455295733,135894.7447042641,0.296274042129518
0.32954607977991746,0.33889958734525444,0.08552957359009628,1.417111416781293,1.4293067400275103,0.36725722145804685,-0.37024484181568085,-0.3577276478679505,-0.13726547455295732,134497.7447042641,0.3002992630004897
0.18954607977991744,0.18889958734525442,-0.15447042640990372,1.377111416781293,1.4093067400275103,0.3072572214580469,-0.3402448418156809,-0.31772764786795055,-0.11726547455295733,134318.7447042641,0.3013053894042983
0.06954607977991746,0.05889958734525444,-0.30447042640990374,1.307111416781293,1.3193067400275105,0.1872572214580468,-0.2902448418156809,-0.2877276478679505,-0.10726547455295732,138191.7447042641,0.30427417755127095
-0.010453920220082555,-0.011100412654745567,-0.4444704264099037,1.277111416781293,1.2993067400275105,0.2972572214580469,-0.27024484181568087,-0.26772764786795056,-0.10726547455295732,144298.7447042641,0.30868325233459615
-0.07045392022008255,-0.07110041265474557,-0.5344704264099037,1.287111416781293,1.3093067400275102,0.26725722145804687,-0.25024484181568085,-0.25772764786795055,-0.10726547455295732,150261.7447042641,0.312429523468019
-0.09045392022008256,-0.08110041265474556,-0.5244704264099037,1.307111416781293,1.3093067400275102,0.23725722145804684,-0.23024484181568083,-0.22772764786795052,-0.1272654745529573,152636.7447042641,0.312429523468019
-0.09045392022008256,-0.09110041265474557,-0.5044704264099037,1.297111416781293,1.3093067400275102,0.1972572214580468,-0.2002448418156808,-0.1977276478679505,-0.14726547455295733,152533.7447042641,0.31753215789795064
-0.09045392022008256,-0.09110041265474557,-0.4344704264099037,1.167111416781293,1.1893067400275101,0.1972572214580468,-0.12024484181568085,-0.11772764786795054,-0.14726547455295733,152082.7447042641,0.3208261489868178
-0.09045392022008256,-0.09110041265474557,-0.3944704264099037,1.1871114167812928,1.1993067400275104,0.11725722145804685,-0.050244841815680896,-0.037727647867950576,-0.14726547455295733,147927.7447042641,0.32487330436706685
-0.08045392022008255,-0.08110041265474556,-0.3844704264099037,1.107111416781293,1.0893067400275105,0.0572572214580469,0.019755158184319166,0.03227235213204949,-0.1572654745529573,143414.7447042641,0.32487330436706685
-0.09045392022008256,-0.09110041265474557,-0.4644704264099037,1.007111416781293,0.9993067400275103,-0.0027427785419531503,0.029755158184319175,0.03227235213204949,-0.1872654745529573,138091.7447042641,0.3289986610412612
-0.08045392022008255,-0.07110041265474557,-0.4344704264099037,1.027111416781293,1.0193067400275102,-0.01274277854195316,0.039755158184319184,0.052272352132049504,-0.20726547455295732,135984.7447042641,0.3334132194519057
-0.07045392022008255,-0.07110041265474557,-0.4744704264099037,1.017111416781293,0.9993067400275103,-0.07274277854195316,0.04975515818431919,0.03227235213204949,-0.20726547455295732,134889.7447042641,0.3367527484893813
-0.07045392022008255,-0.07110041265474557,-0.5044704264099037,0.8471114167812931,0.8693067400275104,-0.06274277854195315,-0.00024484181568085184,0.012272352132049469,-0.20726547455295732,130664.7447042641,0.337470388412477
-0.07045392022008255,-0.07110041265474557,-0.5444704264099037,0.8171114167812931,0.7893067400275103,-0.09274277854195317,-0.04024484181568089,-0.05772764786795048,-0.1872654745529573,126707.7447042641,0.3414700984954848
-0.08045392022008255,-0.08110041265474556,-0.5644704264099037,0.677111416781293,0.6793067400275103,-0.08274277854195317,-0.09024484181568082,-0.09772764786795052,-0.2172654745529573,124708.7447042641,0.34546980857849263
-0.09045392022008256,-0.09110041265474557,-0.6544704264099037,0.507111416781293,0.5193067400275103,-0.07274277854195316,-0.1902448418156809,-0.16772764786795058,-0.19726547455295732,124363.7447042641,0.3494494915008559
-0.10045392022008255,-0.10110041265474556,-0.6944704264099038,0.28711141678129304,0.26930674002751037,-0.10274277854195313,-0.22024484181568083,-0.22772764786795052,-0.19726547455295732,124404.7447042641,0.3504703998565688
-0.10045392022008255,-0.10110041265474556,-0.6944704264099038,0.20711141678129305,0.19930674002751037,-0.08274277854195317,-0.22024484181568083,-0.1977276478679505,-0.1872654745529573,123069.7447042641,0.35305771827697896
-0.10045392022008255,-0.10110041265474556,-0.7344704264099037,0.17711141678129302,0.17930674002751035,-0.07274277854195316,-0.16024484181568088,-0.16772764786795058,-0.17726547455295733,118380.7447042641,0.3576146125793471
-0.10045392022008255,-0.10110041265474556,-0.7644704264099037,0.17711141678129302,0.17930674002751035,-0.05274277854195314,-0.1902448418156809,-0.15772764786795057,-0.1872654745529573,113291.7447042641,0.36178455352783345
-0.10045392022008255,-0.10110041265474556,-0.7644704264099037,0.16711141678129302,0.16930674002751034,-0.07274277854195316,-0.1902448418156809,-0.17772764786795048,-0.2172654745529573,108600.7447042641,0.3657713890075698
-0.010453920220082555,-0.021100412654745562,-0.7344704264099037,0.16711141678129302,0.16930674002751034,-0.06274277854195315,-0.21024484181568082,-0.17772764786795048,-0.23726547455295732,104609.7447042641,0.3657713890075698
0.31954607977991745,0.34889958734525445,-0.5344704264099037,0.13711141678129304,0.13930674002751037,-0.14274277854195316,-0.24024484181568084,-0.22772764786795052,-0.2972654745529573,101602.7447042641,0.3705619335174575
0.9495460797799175,0.9688995873452545,-0.29447042640990373,0.07711141678129305,0.08930674002751038,-0.14274277854195316,-0.27024484181568087,-0.2777276478679505,-0.2772654745529573,100065.7447042641,0.3746694087982192
1.6095460797799175,1.5988995873452545,0.06552957359009626,0.01711141678129302,0.019306740027510344,-0.16274277854195313,-0.31024484181568085,-0.31772764786795055,-0.26726547455295735,99058.7447042641,0.37782177925110005
2.1495460797799173,2.178899587345254,0.6355295735900962,-0.012888583218706978,-0.010693259972489655,-0.16274277854195313,-0.38024484181568086,-0.37772764786795054,-0.26726547455295735,97995.7447042641,0.37782177925110005
2.5995460797799175,2.5988995873452545,1.255529573590096,-0.03288858321870697,-0.030693259972489645,-0.22274277854195312,-0.46024484181568087,-0.4677276478679505,-0.2972654745529573,97212.7447042641,0.38322482109069966
2.8495460797799175,2.8488995873452545,1.6855295735900961,-0.03288858321870697,-0.030693259972489645,-0.26274277854195316,-0.5002448418156809,-0.48772764786795053,-0.30726547455295733,95911.7447042641,0.38604865074157857
3.0395460797799174,3.0388995873452544,2.125529573590096,-0.05288858321870696,-0.040693259972489654,-0.30274277854195314,-0.5502448418156809,-0.5377276478679505,-0.31726547455295734,94832.7447042641,0.3899119853973403
3.1695460797799173,3.1888995873452544,2.3455295735900963,-0.05288858321870696,-0.050693259972489635,-0.32274277854195316,-0.5702448418156809,-0.5777276478679505,-0.3272654745529573,94755.7447042641,0.3899119853973403
3.239546079779917,3.2488995873452544,2.525529573590096,-0.05288858321870696,-0.040693259972489654,-0.35274277854195313,-0.5802448418156809,-0.5777276478679505,-0.3272654745529573,95506.7447042641,0.3949483394622817
3.2695460797799174,3.278899587345254,2.685529573590096,-0.04288858321870698,-0.030693259972489645,-0.35274277854195313,-0.5802448418156809,-0.5777276478679505,-0.3272654745529573,95377.7447042641,0.3989480495452895
3.259546079779917,3.2688995873452544,2.775529573590096,-0.02288858321870696,-0.010693259972489655,-0.35274277854195313,-0.5802448418156809,-0.5777276478679505,-0.3272654745529573,93860.7447042641,0.40294942855835103
3.259546079779917,3.2688995873452544,2.8455295735900963,-0.012888583218706978,0.009306740027510363,-0.35274277854195313,-0.5902448418156808,-0.5877276478679505,-0.3272654745529573,91909.7447042641,0.40294942855835103
3.2295460797799174,3.2288995873452544,2.875529573590096,0.01711141678129302,0.029306740027510353,-0.3327427785419531,-0.6002448418156808,-0.5977276478679505,-0.3372654745529573,89992.7447042641,0.40658435821533345
3.0995460797799175,3.1088995873452543,2.8655295735900963,0.13711141678129304,0.14930674002751038,-0.2927427785419532,-0.5902448418156808,-0.5877276478679505,-0.3372654745529573,86825.7447042641,0.4113372325897231
2.8495460797799175,2.8588995873452543,2.8255295735900963,0.377111416781293,0.3893067400275103,-0.25274277854195315,-0.5502448418156809,-0.5477276478679505,-0.3272654745529573,82220.7447042641,0.4153383731842055
2.3595460797799173,2.3888995873452545,2.665529573590096,0.8471114167812931,0.8793067400275104,-0.12274277854195315,-0.5002448418156809,-0.49772764786795054,-0.3272654745529573,77583.7447042641,0.4153383731842055
1.9395460797799176,1.9688995873452542,2.415529573590096,1.337111416781293,1.3393067400275105,0.08725722145804682,-0.46024484181568087,-0.4677276478679505,-0.3272654745529573,72678.7447042641,0.4183381557464614
1.5395460797799174,1.5588995873452545,2.045529573590096,1.757111416781293,1.7793067400275104,0.47725722145804683,-0.45024484181568086,-0.44772764786795055,-0.31726547455295734,67039.7447042641,0.42350611686706685
1.2595460797799176,1.2888995873452544,1.755529573590096,2.057111416781293,2.06930674002751,0.8272572214580469,-0.44024484181568085,-0.44772764786795055,-0.30726547455295733,62522.7447042641,0.42747650146484517
1.0095460797799176,1.0388995873452544,1.4055295735900963,2.3171114167812927,2.33930674002751,1.1572572214580468,-0.4702448418156809,-0.4777276478679505,-0.2972654745529573,60003.7447042641,0.42747650146484517
0.8895460797799174,0.9188995873452545,1.2055295735900962,2.517111416781293,2.51930674002751,1.367257221458047,-0.5402448418156809,-0.5277276478679506,-0.2972654745529573,58948.7447042641,0.43065962791443013
0.7695460797799174,0.7888995873452544,0.9755295735900963,2.677111416781293,2.6993067400275104,1.597257221458047,-0.6102448418156808,-0.5977276478679505,-0.2872654745529573,58617.7447042641,0.4354771137237563
0.6995460797799175,0.6988995873452545,0.8155295735900964,2.777111416781293,2.7993067400275105,1.7772572214580467,-0.6402448418156809,-0.6277276478679505,-0.2872654745529573,57950.7447042641,0.4400847911834731
0.6095460797799174,0.5988995873452544,0.6255295735900962,2.897111416781293,2.9093067400275103,1.9572572214580468,-0.6802448418156809,-0.6577276478679506,-0.2872654745529573,56937.7447042641,0.44324908256530904
0.5095460797799174,0.5188995873452544,0.5555295735900964,2.927111416781293,2.9493067400275104,2.0072572214580466,-0.6702448418156809,-0.6577276478679506,-0.2772654745529573,55956.7447042641,0.4442845344543471
0.4495460797799175,0.4488995873452545,0.43552957359009625,2.977111416781293,3.0493067400275105,2.057257221458047,-0.6702448418156809,-0.6677276478679506,-0.26726547455295735,53889.7447042641,0.44779977798462056
0.39954607977991746,0.40889958734525444,0.3955295735900962,2.997111416781293,3.0793067400275103,1.9972572214580468,-0.6302448418156809,-0.6377276478679506,-0.25726547455295734,51542.7447042641,0.452279901504518
0.32954607977991746,0.3888995873452544,0.4055295735900962,2.917111416781293,3.06930674002751,1.907257221458047,-0.5702448418156809,-0.5977276478679505,-0.23726547455295732,49567.7447042641,0.455571031570436
0.3495460797799175,0.34889958734525445,0.3255295735900964,2.927111416781293,2.97930674002751,1.887257221458047,-0.5202448418156809,-0.5277276478679506,-0.20726547455295732,47640.7447042641,0.4563089370727553
0.31954607977991745,0.3188995873452544,0.31552957359009637,2.787111416781293,2.87930674002751,1.7872572214580469,-0.37024484181568085,-0.4077276478679505,-0.19726547455295732,46105.7447042641,0.46028194427490376
0.30954607977991744,0.3188995873452544,0.3255295735900964,2.617111416781293,2.72930674002751,1.7272572214580468,-0.21024484181568082,-0.25772764786795055,-0.16726547455295732,44274.7447042641,0.4643341064453139
0.27954607977991747,0.28889958734525445,0.29552957359009635,2.427111416781293,2.5293067400275104,1.6672572214580468,0.009755158184319157,-0.05772764786795048,-0.14726547455295733,43133.7447042641,0.4683633804321303
0.26954607977991746,0.26889958734525443,0.28552957359009634,2.117111416781293,2.22930674002751,1.557257221458047,0.3097551581843192,0.21227235213204942,-0.11726547455295733,42042.7447042641,0.4683633804321303
0.2395460797799175,0.2488995873452544,0.2655295735900963,1.8771114167812928,2.0093067400275104,1.4472572214580468,0.5697551581843192,0.4222723521320494,-0.09726547455295731,41077.7447042641,0.47236404418945455
0.20954607977991746,0.22889958734525445,0.30552957359009636,1.617111416781293,1.7593067400275104,1.2472572214580468,0.8597551581843192,0.6922723521320494,-0.07726547455295729,41108.7447042641,0.4773639202117934
0.1795460797799175,0.19889958734525442,0.3255295735900964,1.427111416781293,1.5593067400275102,1.1572572214580468,1.0697551581843192,0.9322723521320494,-0.04726547455295732,41093.7447042641,0.47995147705078267
0.15954607977991747,0.17889958734525446,0.28552957359009634,1.1971114167812928,1.4193067400275106,1.097257221458047,1.309755158184319,1.1322723521320497,0.012734525447042677,40902.7447042641,0.4810069561004653
0.10954607977991744,0.10889958734525443,0.1155295735900963,1.027111416781293,1.1893067400275101,0.9872572214580468,1.5097551581843192,1.3422723521320497,0.19273452544704273,40299.7447042641,0.4845212459564223
0.03954607977991746,0.03889958734525445,-0.02447042640990371,0.7271114167812931,0.8493067400275104,0.8172572214580469,1.849755158184319,1.7622723521320496,0.7027345254470427,38394.7447042641,0.48869261741638326
-0.00045392022008254596,-0.0011004126547455584,-0.30447042640990374,0.4771114167812931,0.5193067400275103,0.5972572214580469,2.1297551581843193,2.1322723521320497,1.4027345254470427,34885.7447042641,0.4924980163574233
-0.040453920220082554,-0.041100412654745566,-0.3944704264099037,0.31711141678129307,0.3693067400275104,0.4172572214580469,2.3997551581843193,2.4122723521320495,1.9727345254470428,29960.7447042641,0.49354491233825826
-0.06045392022008255,-0.06110041265474556,-0.4644704264099037,0.257111416781293,0.2793067400275103,0.3272572214580468,2.4797551581843194,2.50227235213205,2.282734525447043,25313.7447042641,0.49754080772400044
-0.07045392022008255,-0.07110041265474557,-0.5344704264099037,0.14711141678129305,0.17930674002751035,0.15725722145804688,2.549755158184319,2.5622723521320494,2.572734525447043,21888.7447042641,0.5015343189239516
-0.07045392022008255,-0.07110041265474557,-0.5644704264099037,0.08711141678129306,0.12930674002751036,0.0672572214580468,2.539755158184319,2.5822723521320494,2.7427345254470428,21261.7447042641,0.5055361747741713
-0.07045392022008255,-0.07110041265474557,-0.6144704264099037,0.03711141678129304,0.05930674002751035,-0.03274277854195318,2.529755158184319,2.5722723521320496,2.8927345254470427,20924.7447042641,0.5055361747741713
-0.08045392022008255,-0.08110041265474556,-0.6344704264099037,-0.0028885832187069693,0.009306740027510363,-0.10274277854195313,2.3997551581843193,2.4722723521320495,3.0027345254470426,20159.7447042641,0.509075498580934
-0.08045392022008255,-0.09110041265474557,-0.6544704264099037,-0.02288858321870696,-0.010693259972489655,-0.17274277854195313,1.929755158184319,2.3622723521320497,3.092734525447043,18914.7447042641,0.5134650230407729
-0.09045392022008256,-0.09110041265474557,-0.6644704264099037,-0.02288858321870696,-0.020693259972489636,-0.18274277854195314,1.9597551581843193,2.0922723521320497,3.112734525447043,17125.7447042641,0.517378425598146
-0.09045392022008256,-0.09110041265474557,-0.6644704264099037,-0.012888583218706978,-0.010693259972489655,-0.18274277854195314,1.639755158184319,1.7422723521320496,3.0627345254470426,14900.7447042641,0.5211792945861831
-0.09045392022008256,-0.09110041265474557,-0.6444704264099037,0.0071114167812930396,0.019306740027510344,-0.18274277854195314,1.369755158184319,1.4222723521320497,2.9927345254470428,12571.7447042641,0.522233104705812
-0.08045392022008255,-0.09110041265474557,-0.6244704264099037,0.0071114167812930396,0.009306740027510363,-0.17274277854195313,1.0897551581843192,1.1422723521320495,2.762734525447043,10540.7447042641,0.526566600799562
-0.08045392022008255,-0.08110041265474556,-0.5944704264099037,0.01711141678129302,0.019306740027510344,-0.14274277854195316,0.869755158184319,0.9122723521320494,2.512734525447043,8505.7447042641,0.5298400878906264
-0.08045392022008255,-0.08110041265474556,-0.5644704264099037,0.01711141678129302,0.009306740027510363,-0.11274277854195314,0.6697551581843191,0.6922723521320494,2.2027345254470427,7020.7447042641,0.5337518215179458
-0.08045392022008255,-0.08110041265474556,-0.5144704264099037,0.02711141678129303,0.029306740027510353,-0.022742778541953168,0.5097551581843192,0.5222723521320495,1.8027345254470428,6135.7447042641,0.5347457885742202
-0.09045392022008256,-0.09110041265474557,-0.5144704264099037,0.03711141678129304,0.03930674002751036,-0.0027427785419531503,0.3097551581843192,0.36227235213204956,1.3227345254470426,5354.7447042641,0.5377357959747329
-0.09045392022008256,-0.08110041265474556,-0.4444704264099037,0.04711141678129302,0.04930674002751034,0.047257221458046894,0.21975515818431912,0.25227235213204946,1.0227345254470426,4593.7447042641,0.5417402744293227
-0.08045392022008255,-0.08110041265474556,-0.4344704264099037,0.03711141678129304,0.03930674002751036,0.10725722145804684,0.07975515818431911,0.14227235213204947,0.6327345254470427,4502.7447042641,0.5461698532104506
-0.08045392022008255,-0.08110041265474556,-0.4044704264099037,0.04711141678129302,0.03930674002751036,0.13725722145804686,0.0697551581843191,0.10227235213204944,0.37273452544704266,4367.7447042641,0.5471952915191665
-0.08045392022008255,-0.08110041265474556,-0.3944704264099037,0.03711141678129304,0.03930674002751036,0.11725722145804685,0.009755158184319157,0.012272352132049469,0.22273452544704264,3932.7447042640997,0.5497287273406997
-0.08045392022008255,-0.08110041265474556,-0.3744704264099037,0.04711141678129302,0.029306740027510353,0.11725722145804685,-0.07024484181568091,-0.06772764786795049,0.07273452544704267,3881.7447042640997,0.5551532268524184
-0.08045392022008255,-0.08110041265474556,-0.3744704264099037,0.03711141678129304,0.029306740027510353,0.11725722145804685,-0.10024484181568083,-0.11772764786795054,0.08273452544704268,3996.7447042640997,0.5582741260528579
-0.08045392022008255,-0.08110041265474556,-0.3444704264099037,0.03711141678129304,0.029306740027510353,0.11725722145804685,-0.15024484181568087,-0.12772764786795054,0.012734525447042677,4009.7447042640997,0.5591534137725844
-0.07045392022008255,-0.08110041265474556,-0.3344704264099037,0.03711141678129304,0.009306740027510363,0.10725722145804684,-0.13024484181568086,-0.14772764786795056,-0.017265474552957294,3988.7447042640997,0.5631245136261
-0.07045392022008255,-0.08110041265474556,-0.3344704264099037,0.07711141678129305,-0.000693259972489646,0.11725722145804685,-0.11024484181568084,-0.24772764786795054,-0.007265474552957341,3393.7447042640997,0.5671535491943374
-0.07045392022008255,-0.08110041265474556,-0.3344704264099037,0.09711141678129301,-0.000693259972489646,0.09725722145804683,-0.2002448418156808,-0.3477276478679505,-0.007265474552957341,3292.7447042640997,0.5711534976959243
-0.07045392022008255,-0.08110041265474556,-0.3544704264099037,0.07711141678129305,0.009306740027510363,0.08725722145804682,-0.15024484181568087,-0.38772764786795055,-0.027265474552957303,3489.7447042640997,0.5711534976959243
-0.06045392022008255,-0.07110041265474557,-0.3344704264099037,0.10711141678129302,-0.000693259972489646,0.11725722145804685,-0.14024484181568087,-0.43772764786795054,-0.027265474552957303,3250.7447042640997,0.5743800163269057
-0.07045392022008255,-0.07110041265474557,-0.30447042640990374,0.06711141678129304,0.029306740027510353,0.08725722145804682,-0.16024484181568088,-0.3477276478679505,-0.04726547455295732,3283.7447042640997,0.579420661926271
-0.06045392022008255,-0.06110041265474556,-0.29447042640990373,0.09711141678129301,-0.010693259972489655,0.0572572214580469,-0.16024484181568088,-0.44772764786795055,-0.05726547455295733,3230.7447042640997,0.5834947586059585
-0.06045392022008255,-0.06110041265474556,-0.30447042640990374,0.04711141678129302,0.019306740027510344,0.047257221458046894,-0.24024484181568084,-0.3577276478679505,-0.04726547455295732,3031.7447042640997,0.5869289398193374
-0.05045392022008255,-0.06110041265474556,-0.29447042640990373,0.08711141678129306,-0.040693259972489654,0.037257221458046885,-0.13024484181568086,-0.48772764786795053,-0.07726547455295729,2844.7447042640997,0.5869289398193374
-0.06045392022008255,-0.07110041265474557,-0.29447042640990373,0.11711141678129303,-0.050693259972489635,0.027257221458046876,-0.1802448418156809,-0.4077276478679505,-0.10726547455295732,2561.7447042640997,0.5916696548461928
-0.06045392022008255,-0.07110041265474557,-0.30447042640990374,0.10711141678129302,-0.060693259972489644,0.027257221458046876,-0.33024484181568087,-0.4577276478679505,-0.10726547455295732,2144.7447042640997,0.59539089202881
-0.05045392022008255,-0.06110041265474556,-0.3244704264099037,0.10711141678129302,-0.07069325997248965,0.037257221458046885,-0.16024484181568088,-0.4777276478679505,-0.11726547455295733,2085.7447042640997,0.5989044666290297
-0.05045392022008255,-0.05110041265474556,-0.30447042640990374,0.03711141678129304,0.029306740027510353,0.037257221458046885,-0.3502448418156809,-0.32772764786795056,-0.11726547455295733,1900.7447042640997,0.5999005794525161
